"1","NULL","2020-05-17 15:12:26","2020-05-17 15:12:26","NULL","1","Ain","AIN","ain","A500"
"2","NULL","2020-05-17 15:12:26","2020-05-17 15:12:26","NULL","2","Aisne","AISNE","aisne","A250"
"3","NULL","2020-05-17 15:12:26","2020-05-17 15:12:26","NULL","3","Allier","ALLIER","allier","A460"
"4","NULL","2020-05-17 15:12:26","2020-05-17 15:12:26","NULL","4","Alpes-de-Haute-Provence","ALPES-DE-HAUTE-PROVENCE","alpes-de-haute-provence","A412316152"
"5","NULL","2020-05-17 15:12:26","2020-05-17 15:12:26","NULL","5","Hautes-Alpes","HAUTES-ALPES","hautes-alpes","H32412"
"6","NULL","2020-05-17 15:12:26","2020-05-17 15:12:26","NULL","6","Alpes-Maritimes","ALPES-MARITIMES","alpes-maritimes","A41256352"
"7","NULL","2020-05-17 15:12:26","2020-05-17 15:12:26","NULL","7","Ardèche","ARDÈCHE","ardeche","A632"
"8","NULL","2020-05-17 15:12:26","2020-05-17 15:12:26","NULL","8","Ardennes","ARDENNES","ardennes","A6352"
"9","NULL","2020-05-17 15:12:26","2020-05-17 15:12:26","NULL","9","Ariège","ARIÈGE","ariege","A620"
"10","NULL","2020-05-17 15:12:26","2020-05-17 15:12:26","NULL","10","Aube","AUBE","aube","A100"
"11","NULL","2020-05-17 15:12:26","2020-05-17 15:12:26","NULL","11","Aude","AUDE","aude","A300"
"12","NULL","2020-05-17 15:12:26","2020-05-17 15:12:26","NULL","12","Aveyron","AVEYRON","aveyron","A165"
"13","NULL","2020-05-17 15:12:26","2020-05-17 15:12:26","NULL","13","Bouches-du-Rhône","BOUCHES-DU-RHÔNE","bouches-du-rhone","B2365"
"14","NULL","2020-05-17 15:12:26","2020-05-17 15:12:26","NULL","14","Calvados","CALVADOS","calvados","C4132"
"15","NULL","2020-05-17 15:12:26","2020-05-17 15:12:26","NULL","15","Cantal","CANTAL","cantal","C534"
"16","NULL","2020-05-17 15:12:26","2020-05-17 15:12:26","NULL","16","Charente","CHARENTE","charente","C653"
"17","NULL","2020-05-17 15:12:26","2020-05-17 15:12:26","NULL","17","Charente-Maritime","CHARENTE-MARITIME","charente-maritime","C6535635"
"18","NULL","2020-05-17 15:12:26","2020-05-17 15:12:26","NULL","18","Cher","CHER","cher","C600"
"19","NULL","2020-05-17 15:12:26","2020-05-17 15:12:26","NULL","19","Corrèze","CORRÈZE","correze","C620"
"20","NULL","2020-05-17 15:12:26","2020-05-17 15:12:26","NULL","2a","Corse-du-sud","CORSE-DU-SUD","corse-du-sud","C62323"
"21","NULL","2020-05-17 15:12:26","2020-05-17 15:12:26","NULL","2b","Haute-corse","HAUTE-CORSE","haute-corse","H3262"
"22","NULL","2020-05-17 15:12:26","2020-05-17 15:12:26","NULL","21","Côte-d'or","CÔTE-D'OR","cote-dor","C360"
"23","NULL","2020-05-17 15:12:26","2020-05-17 15:12:26","NULL","22","Côtes-d'armor","CÔTES-D'ARMOR","cotes-darmor","C323656"
"24","NULL","2020-05-17 15:12:26","2020-05-17 15:12:26","NULL","23","Creuse","CREUSE","creuse","C620"
"25","NULL","2020-05-17 15:12:26","2020-05-17 15:12:26","NULL","24","Dordogne","DORDOGNE","dordogne","D6325"
"26","NULL","2020-05-17 15:12:26","2020-05-17 15:12:26","NULL","25","Doubs","DOUBS","doubs","D120"
"27","NULL","2020-05-17 15:12:26","2020-05-17 15:12:26","NULL","26","Drôme","DRÔME","drome","D650"
"28","NULL","2020-05-17 15:12:26","2020-05-17 15:12:26","NULL","27","Eure","EURE","eure","E600"
"29","NULL","2020-05-17 15:12:26","2020-05-17 15:12:26","NULL","28","Eure-et-Loir","EURE-ET-LOIR","eure-et-loir","E6346"
"30","NULL","2020-05-17 15:12:26","2020-05-17 15:12:26","NULL","29","Finistère","FINISTÈRE","finistere","F5236"
"31","NULL","2020-05-17 15:12:26","2020-05-17 15:12:26","NULL","30","Gard","GARD","gard","G630"
"32","NULL","2020-05-17 15:12:26","2020-05-17 15:12:26","NULL","31","Haute-Garonne","HAUTE-GARONNE","haute-garonne","H3265"
"33","NULL","2020-05-17 15:12:26","2020-05-17 15:12:26","NULL","32","Gers","GERS","gers","G620"
"34","NULL","2020-05-17 15:12:26","2020-05-17 15:12:26","NULL","33","Gironde","GIRONDE","gironde","G653"
"35","NULL","2020-05-17 15:12:26","2020-05-17 15:12:26","NULL","34","Hérault","HÉRAULT","herault","H643"
"36","NULL","2020-05-17 15:12:26","2020-05-17 15:12:26","NULL","35","Ile-et-Vilaine","ILE-ET-VILAINE","ile-et-vilaine","I43145"
"37","NULL","2020-05-17 15:12:26","2020-05-17 15:12:26","NULL","36","Indre","INDRE","indre","I536"
"38","NULL","2020-05-17 15:12:26","2020-05-17 15:12:26","NULL","37","Indre-et-Loire","INDRE-ET-LOIRE","indre-et-loire","I536346"
"39","NULL","2020-05-17 15:12:26","2020-05-17 15:12:26","NULL","38","Isère","ISÈRE","isere","I260"
"40","NULL","2020-05-17 15:12:26","2020-05-17 15:12:26","NULL","39","Jura","JURA","jura","J600"
"41","NULL","2020-05-17 15:12:26","2020-05-17 15:12:26","NULL","40","Landes","LANDES","landes","L532"
"42","NULL","2020-05-17 15:12:26","2020-05-17 15:12:26","NULL","41","Loir-et-Cher","LOIR-ET-CHER","loir-et-cher","L6326"
"43","NULL","2020-05-17 15:12:26","2020-05-17 15:12:26","NULL","42","Loire","LOIRE","loire","L600"
"44","NULL","2020-05-17 15:12:26","2020-05-17 15:12:26","NULL","43","Haute-Loire","HAUTE-LOIRE","haute-loire","H346"
"45","NULL","2020-05-17 15:12:26","2020-05-17 15:12:26","NULL","44","Loire-Atlantique","LOIRE-ATLANTIQUE","loire-atlantique","L634532"
"46","NULL","2020-05-17 15:12:26","2020-05-17 15:12:26","NULL","45","Loiret","LOIRET","loiret","L630"
"47","NULL","2020-05-17 15:12:26","2020-05-17 15:12:26","NULL","46","Lot","LOT","lot","L300"
"48","NULL","2020-05-17 15:12:26","2020-05-17 15:12:26","NULL","47","Lot-et-Garonne","LOT-ET-GARONNE","lot-et-garonne","L3265"
"49","NULL","2020-05-17 15:12:26","2020-05-17 15:12:26","NULL","48","Lozère","LOZÈRE","lozere","L260"
"50","NULL","2020-05-17 15:12:26","2020-05-17 15:12:26","NULL","49","Maine-et-Loire","MAINE-ET-LOIRE","maine-et-loire","M346"
"51","NULL","2020-05-17 15:12:26","2020-05-17 15:12:26","NULL","50","Manche","MANCHE","manche","M200"
"52","NULL","2020-05-17 15:12:26","2020-05-17 15:12:26","NULL","51","Marne","MARNE","marne","M650"
"53","NULL","2020-05-17 15:12:26","2020-05-17 15:12:26","NULL","52","Haute-Marne","HAUTE-MARNE","haute-marne","H3565"
"54","NULL","2020-05-17 15:12:26","2020-05-17 15:12:26","NULL","53","Mayenne","MAYENNE","mayenne","M000"
"55","NULL","2020-05-17 15:12:26","2020-05-17 15:12:26","NULL","54","Meurthe-et-Moselle","MEURTHE-ET-MOSELLE","meurthe-et-moselle","M63524"
"56","NULL","2020-05-17 15:12:26","2020-05-17 15:12:26","NULL","55","Meuse","MEUSE","meuse","M200"
"57","NULL","2020-05-17 15:12:26","2020-05-17 15:12:26","NULL","56","Morbihan","MORBIHAN","morbihan","M615"
"58","NULL","2020-05-17 15:12:26","2020-05-17 15:12:26","NULL","57","Moselle","MOSELLE","moselle","M240"
"59","NULL","2020-05-17 15:12:26","2020-05-17 15:12:26","NULL","58","Nièvre","NIÈVRE","nievre","N160"
"60","NULL","2020-05-17 15:12:26","2020-05-17 15:12:26","NULL","59","Nord","NORD","nord","N630"
"61","NULL","2020-05-17 15:12:26","2020-05-17 15:12:26","NULL","60","Oise","OISE","oise","O200"
"62","NULL","2020-05-17 15:12:26","2020-05-17 15:12:26","NULL","61","Orne","ORNE","orne","O650"
"63","NULL","2020-05-17 15:12:26","2020-05-17 15:12:26","NULL","62","Pas-de-Calais","PAS-DE-CALAIS","pas-de-calais","P23242"
"64","NULL","2020-05-17 15:12:26","2020-05-17 15:12:26","NULL","63","Puy-de-Dôme","PUY-DE-DÔME","puy-de-dome","P350"
"65","NULL","2020-05-17 15:12:26","2020-05-17 15:12:26","NULL","64","Pyrénées-Atlantiques","PYRÉNÉES-ATLANTIQUES","pyrenees-atlantiques","P65234532"
"66","NULL","2020-05-17 15:12:26","2020-05-17 15:12:26","NULL","65","Hautes-Pyrénées","HAUTES-PYRÉNÉES","hautes-pyrenees","H321652"
"67","NULL","2020-05-17 15:12:26","2020-05-17 15:12:26","NULL","66","Pyrénées-Orientales","PYRÉNÉES-ORIENTALES","pyrenees-orientales","P65265342"
"68","NULL","2020-05-17 15:12:26","2020-05-17 15:12:26","NULL","67","Bas-Rhin","BAS-RHIN","bas-rhin","B265"
"69","NULL","2020-05-17 15:12:26","2020-05-17 15:12:26","NULL","68","Haut-Rhin","HAUT-RHIN","haut-rhin","H365"
"70","NULL","2020-05-17 15:12:26","2020-05-17 15:12:26","NULL","69","Rhône","RHÔNE","rhone","R500"
"71","NULL","2020-05-17 15:12:26","2020-05-17 15:12:26","NULL","70","Haute-Saône","HAUTE-SAÔNE","haute-saone","H325"
"72","NULL","2020-05-17 15:12:26","2020-05-17 15:12:26","NULL","71","Saône-et-Loire","SAÔNE-ET-LOIRE","saone-et-loire","S5346"
"73","NULL","2020-05-17 15:12:26","2020-05-17 15:12:26","NULL","72","Sarthe","SARTHE","sarthe","S630"
"74","NULL","2020-05-17 15:12:26","2020-05-17 15:12:26","NULL","73","Savoie","SAVOIE","savoie","S100"
"75","NULL","2020-05-17 15:12:26","2020-05-17 15:12:26","NULL","74","Haute-Savoie","HAUTE-SAVOIE","haute-savoie","H321"
"76","NULL","2020-05-17 15:12:26","2020-05-17 15:12:26","NULL","75","Paris","PARIS","paris","P620"
"77","NULL","2020-05-17 15:12:26","2020-05-17 15:12:26","NULL","76","Seine-Maritime","SEINE-MARITIME","seine-maritime","S5635"
"78","NULL","2020-05-17 15:12:26","2020-05-17 15:12:26","NULL","77","Seine-et-Marne","SEINE-ET-MARNE","seine-et-marne","S53565"
"79","NULL","2020-05-17 15:12:26","2020-05-17 15:12:26","NULL","78","Yvelines","YVELINES","yvelines","Y1452"
"80","NULL","2020-05-17 15:12:26","2020-05-17 15:12:26","NULL","79","Deux-Sèvres","DEUX-SÈVRES","deux-sevres","D2162"
"81","NULL","2020-05-17 15:12:26","2020-05-17 15:12:26","NULL","80","Somme","SOMME","somme","S500"
"82","NULL","2020-05-17 15:12:26","2020-05-17 15:12:26","NULL","81","Tarn","TARN","tarn","T650"
"83","NULL","2020-05-17 15:12:26","2020-05-17 15:12:26","NULL","82","Tarn-et-Garonne","TARN-ET-GARONNE","tarn-et-garonne","T653265"
"84","NULL","2020-05-17 15:12:26","2020-05-17 15:12:26","NULL","83","Var","VAR","var","V600"
"85","NULL","2020-05-17 15:12:26","2020-05-17 15:12:26","NULL","84","Vaucluse","VAUCLUSE","vaucluse","V242"
"86","NULL","2020-05-17 15:12:26","2020-05-17 15:12:26","NULL","85","Vendée","VENDÉE","vendee","V530"
"87","NULL","2020-05-17 15:12:26","2020-05-17 15:12:26","NULL","86","Vienne","VIENNE","vienne","V500"
"88","NULL","2020-05-17 15:12:26","2020-05-17 15:12:26","NULL","87","Haute-Vienne","HAUTE-VIENNE","haute-vienne","H315"
"89","NULL","2020-05-17 15:12:26","2020-05-17 15:12:26","NULL","88","Vosges","VOSGES","vosges","V200"
"90","NULL","2020-05-17 15:12:26","2020-05-17 15:12:26","NULL","89","Yonne","YONNE","yonne","Y500"
"91","NULL","2020-05-17 15:12:26","2020-05-17 15:12:26","NULL","90","Territoire de Belfort","TERRITOIRE DE BELFORT","territoire-de-belfort","T636314163"
"92","NULL","2020-05-17 15:12:26","2020-05-17 15:12:26","NULL","91","Essonne","ESSONNE","essonne","E250"
"93","NULL","2020-05-17 15:12:26","2020-05-17 15:12:26","NULL","92","Hauts-de-Seine","HAUTS-DE-SEINE","hauts-de-seine","H32325"
"94","NULL","2020-05-17 15:12:26","2020-05-17 15:12:26","NULL","93","Seine-Saint-Denis","SEINE-SAINT-DENIS","seine-saint-denis","S525352"
"95","NULL","2020-05-17 15:12:26","2020-05-17 15:12:26","NULL","94","Val-de-Marne","VAL-DE-MARNE","val-de-marne","V43565"
"96","NULL","2020-05-17 15:12:26","2020-05-17 15:12:26","NULL","95","Val-d'oise","VAL-D'OISE","val-doise","V432"
"97","NULL","2020-05-17 15:12:26","2020-05-17 15:12:26","NULL","976","Mayotte","MAYOTTE","mayotte","M300"
"98","NULL","2020-05-17 15:12:26","2020-05-17 15:12:26","NULL","971","Guadeloupe","GUADELOUPE","guadeloupe","G341"
"99","NULL","2020-05-17 15:12:26","2020-05-17 15:12:26","NULL","973","Guyane","GUYANE","guyane","G500"
"100","NULL","2020-05-17 15:12:26","2020-05-17 15:12:26","NULL","972","Martinique","MARTINIQUE","martinique","M6352"
"101","NULL","2020-05-17 15:12:26","2020-05-17 15:12:26","NULL","974","Réunion","RÉUNION","reunion","R500"
"102","NULL","2020-05-17 15:12:26","2020-05-17 15:12:26","NULL","99","Étranger","ÉTRANGER","etranger","99"